1,ALVARO,NIETO,f,2025-11-24
2,JUAN MANUEL,MENDOZA,f,2025-03-03
3,ELENA,GOMEZ,f,2025-08-23
4,JOSE,ORTIZ,f,2025-02-01
5,RAFAEL,JIMENEZ,f,2025-11-10
6,RAFAEL,VEGA,f,2025-03-12
7,PEDRO,ALONSO,f,2025-01-26
8,ANGEL,CABRERA,f,2025-04-07
9,ALEJANDRO,CRUZ,f,2025-03-14
10,JOSE ANTONIO,CANO,f,2025-06-12
11,JUAN JOSE,SAEZ,f,2025-03-04
12,BEATRIZ,RIVERA,f,2025-10-07
13,PAULA,VIDAL,f,2025-11-25
14,JOAQUIN,HERRERO,f,2025-09-21
15,JOSE LUIS,GIL,f,2025-01-10
16,IVAN,DURAN,f,2025-01-22
17,MARIA ANGELES,MENDEZ,f,2025-10-16
18,MARIA CARMEN,CAMPOS,f,2025-11-28
19,ANA,GARCIA,f,2025-05-23
20,ANA MARIA,DURAN,f,2025-03-19
21,JOSE LUIS,MOYA,f,2025-03-04
22,VICTOR,MOYA,f,2025-08-06
23,CARLOS,CORTES,f,2025-04-03
24,MARIA JESUS,FERRER,f,2025-06-13
25,JUAN JOSE,CABRERA,f,2025-03-09
26,ROBERTO,SANTOS,f,2025-05-14
27,MARIA CARMEN,DIEZ,f,2025-09-02
28,SARA,MARQUEZ,f,2025-04-01
29,JUANA,DURAN,f,2025-10-20
30,JOSE,GONZALEZ,f,2025-05-24
31,PAULA,HERRERO,f,2025-03-11
32,ALVARO,MOLINA,f,2025-02-21
33,JOSE LUIS,RUIZ,f,2025-03-08
34,ROSA MARIA,GARRIDO,f,2025-03-04
35,PILAR,GUTIERREZ,f,2025-12-03
36,JULIA,CABALLERO,f,2025-03-20
37,ANTONIA,MUÑOZ,f,2025-12-22
38,JAVIER,ALONSO,f,2025-12-08
39,OSCAR,RUBIO,f,2025-11-14
40,DIEGO,ROMAN,f,2025-10-26
41,MONICA,GIL,f,2025-07-19
42,ALBERTO,SANTOS,f,2025-09-01
43,RUBEN,VAZQUEZ,f,2025-01-24
44,MIGUEL ANGEL,RUBIO,f,2025-02-02
45,MARIA TERESA,AGUILAR,f,2025-09-25
46,ELENA,DOMINGUEZ,f,2025-07-14
47,MONICA,GARCIA,f,2025-12-27
48,MANUEL,PEREZ,f,2025-06-10
49,ADRIAN,MARQUEZ,f,2025-08-26
50,MARIA LUISA,ROMERO,t,2025-11-01
51,SERGIO,CARRASCO,f,2025-03-12
52,CARMEN,ROJAS,f,2025-10-20
53,SILVIA,GOMEZ,f,2025-11-09
54,PAULA,SANTANA,f,2025-09-13
55,ANA,BLANCO,f,2025-01-25
56,RAQUEL,DIEZ,f,2025-04-22
57,TERESA,GUTIERREZ,f,2025-12-02
58,ALVARO,GUTIERREZ,f,2025-09-20
59,NURIA,VICENTE,f,2025-09-05
60,PATRICIA,PARRA,f,2025-06-16
61,ALEJANDRO,ALVAREZ,f,2025-12-25
62,FERNANDO,VEGA,f,2025-11-24
63,ALVARO,DIAZ,f,2025-02-20
64,JESUS,DOMINGUEZ,f,2025-10-18
65,DAVID,DIAZ,f,2025-10-07
66,ANTONIO,CABALLERO,f,2025-09-17
67,DOLORES,CABALLERO,f,2025-04-14
68,MARIA ANGELES,JIMENEZ,f,2025-07-16
69,MARIA TERESA,GARRIDO,f,2025-01-11
70,BEATRIZ,ROJAS,f,2025-03-02
71,LUCIA,ROJAS,f,2025-10-27
72,SONIA,GIMENEZ,f,2025-07-08
73,MARTA,PARRA,f,2025-06-20
74,ANDREA,NUÑEZ,f,2025-04-24
75,MONTSERRAT,SANTOS,f,2025-11-23
76,JOAQUIN,GARRIDO,f,2025-05-08
77,MONICA,CRESPO,f,2025-03-18
78,VICTOR,GIL,f,2025-07-17
79,MARIA MAR,MENDOZA,f,2025-06-25
80,DIEGO,CANO,f,2025-04-05
81,OSCAR,DURAN,f,2025-05-25
82,EDUARDO,CARRASCO,f,2025-10-24
83,ENRIQUE,AGUILAR,f,2025-06-22
84,RUBEN,CORTES,f,2025-10-03
85,MARIA JESUS,MARTIN,f,2025-02-03
86,SERGIO,DURAN,f,2025-10-03
87,DAVID,GARCIA,f,2025-05-20
88,MARIA MAR,MORENO,f,2025-11-26
89,JOSE,DELGADO,f,2025-11-14
90,MARIA JOSE,CRUZ,f,2025-02-06
91,PABLO,SUAREZ,f,2025-05-26
92,PAULA,GIMENEZ,f,2025-12-28
93,FRANCISCO,RUBIO,f,2025-11-01
94,JOSE ANTONIO,FERRER,f,2025-05-02
95,ANDRES,TORRES,f,2025-10-18
96,MARIA CARMEN,LOZANO,f,2025-06-18
97,ISABEL,SILVA,f,2025-10-01
98,MARIA JOSE,LOPEZ,f,2025-03-17
99,EDUARDO,MORALES,f,2025-04-28
100,ROBERTO,DIAZ,t,2025-07-26
101,MARIA JOSE,FLORES,f,2025-04-14
102,JESUS,IBAÑEZ,f,2025-11-22
103,ANDRES,HERRERO,f,2025-01-25
104,EDUARDO,HERRERA,f,2025-03-14
105,MARTA,CRESPO,f,2025-10-08
106,MONICA,CABALLERO,f,2025-11-09
107,PATRICIA,LOZANO,f,2025-06-10
108,MARIA ISABEL,BRAVO,f,2025-05-20
109,RUBEN,TORRES,f,2025-04-23
110,JOSE ANTONIO,MORA,f,2025-10-02
111,ALICIA,DIEZ,f,2025-09-16
112,ANDRES,FLORES,f,2025-04-03
113,ALVARO,BRAVO,f,2025-09-20
114,NURIA,LOPEZ,f,2025-01-21
115,JUAN ANTONIO,CALVO,f,2025-05-26
116,ANTONIA,BENITEZ,f,2025-06-13
117,DAVID,SUAREZ,f,2025-11-25
118,MARIA JOSE,FLORES,f,2025-06-19
119,SILVIA,HERNANDEZ,f,2025-08-15
120,DOLORES,HERRERA,f,2025-12-22
121,DAVID,ROMAN,f,2025-03-14
122,NURIA,NUÑEZ,f,2025-02-12
123,JOSE ANTONIO,VELASCO,f,2025-10-11
124,MARIA ANGELES,SANTOS,f,2025-04-27
125,JOSE,NIETO,f,2025-07-01
126,JAIME,LOZANO,f,2025-05-20
127,BEATRIZ,CARRASCO,f,2025-05-15
128,JAIME,GALLEGO,f,2025-07-23
129,MARIA TERESA,MENDEZ,f,2025-09-23
130,MONTSERRAT,JIMENEZ,f,2025-10-18
131,DAVID,GUTIERREZ,f,2025-12-19
132,DANIEL,RAMIREZ,f,2025-04-10
133,MIGUEL,CALVO,f,2025-11-23
134,JULIA,RIVERA,f,2025-10-11
135,RUBEN,SANCHEZ,f,2025-07-14
136,SARA,FERRER,f,2025-07-09
137,MARCOS,GALLEGO,f,2025-12-03
138,DAVID,RUBIO,f,2025-04-02
139,ANDREA,SANTOS,f,2025-06-12
140,JUAN,CRESPO,f,2025-04-21
141,JULIA,NAVARRO,f,2025-05-03
142,JUAN JOSE,PEREZ,f,2025-09-24
143,RAUL,HERRERO,f,2025-08-24
144,MARIA DOLORES,VAZQUEZ,f,2025-08-13
145,PEDRO,VIDAL,f,2025-05-07
146,ALEJANDRO,ORTEGA,f,2025-08-12
147,MANUEL,GARCIA,f,2025-09-04
148,PAULA,RAMOS,f,2025-10-18
149,ANTONIO,MOYA,f,2025-06-21
150,PAULA,LORENZO,t,2025-09-21
151,CARLOS,MENDOZA,f,2025-03-25
152,MARIO,MOLINA,f,2025-03-21
153,ANTONIO,ORTIZ,f,2025-07-03
154,LUCIA,ALONSO,f,2025-11-09
155,ANTONIA,NAVARRO,f,2025-10-23
156,JOSE MARIA,CABALLERO,f,2025-08-26
157,MARIA MAR,ARIAS,f,2025-08-26
158,JULIA,MOLINA,f,2025-07-06
159,DAVID,BRAVO,f,2025-06-15
160,CONCEPCION,TORRES,f,2025-08-04
161,ANA,VELASCO,f,2025-11-10
162,ROBERTO,BRAVO,f,2025-10-02
163,LUIS,PASCUAL,f,2025-04-10
164,MARIO,CALVO,f,2025-04-17
165,RAQUEL,ORTEGA,f,2025-12-14
166,ANA MARIA,CRESPO,f,2025-04-09
167,ALBA,MENDEZ,f,2025-12-25
168,JOSEFA,SAEZ,f,2025-07-01
169,JOAQUIN,DIEZ,f,2025-12-28
170,JUAN JOSE,JIMENEZ,f,2025-10-18
171,MARIO,MOLINA,f,2025-11-02
172,TERESA,SANTIAGO,f,2025-01-28
173,MARCOS,DIEZ,f,2025-12-26
174,DOLORES,CRUZ,f,2025-03-13
175,BEATRIZ,SUAREZ,f,2025-09-03
176,FERNANDO,PARRA,f,2025-03-24
177,DIEGO,AGUILAR,f,2025-02-10
178,LUIS,JIMENEZ,f,2025-01-06
179,JUANA,IBAÑEZ,f,2025-05-16
180,PAULA,LORENZO,f,2025-12-16
181,ALBERTO,BENITEZ,f,2025-05-11
182,ELENA,PRIETO,f,2025-09-15
183,JOSE,MENDOZA,f,2025-03-05
184,ANGEL,GIMENEZ,f,2025-08-19
185,ENRIQUE,DOMINGUEZ,f,2025-05-02
186,SERGIO,REYES,f,2025-12-09
187,ALVARO,DURAN,f,2025-03-26
188,ROCIO,REYES,f,2025-01-06
189,ROCIO,GUTIERREZ,f,2025-03-08
190,CONCEPCION,RUBIO,f,2025-06-21
191,JOSE MANUEL,FUENTES,f,2025-02-12
192,ANDREA,MOLINA,f,2025-01-15
193,JOSE LUIS,CARMONA,f,2025-03-23
194,JESUS,MONTERO,f,2025-09-06
195,TERESA,GUERRERO,f,2025-07-13
196,CRISTINA,SUAREZ,f,2025-07-23
197,ALBA,CARMONA,f,2025-12-04
198,PAULA,LOPEZ,f,2025-10-18
199,JORGE,SANTIAGO,f,2025-07-24
200,ALEJANDRO,CABALLERO,t,2025-05-14
201,ROBERTO,NIETO,f,2025-06-14
202,JUAN CARLOS,DIAZ,f,2025-02-16
203,JOSE LUIS,ARIAS,f,2025-09-22
204,ADRIAN,ORTIZ,f,2025-09-14
205,JUAN CARLOS,DIAZ,f,2025-05-24
206,FRANCISCA,MARIN,f,2025-09-10
207,MARIA JOSE,TORRES,f,2025-05-06
208,JUAN ANTONIO,PASTOR,f,2025-01-16
209,RAUL,ROMAN,f,2025-12-08
210,JOSE ANTONIO,MENDOZA,f,2025-12-21
211,JAIME,MONTERO,f,2025-03-06
212,FRANCISCO,RUIZ,f,2025-11-23
213,JAVIER,MOLINA,f,2025-08-15
214,MONTSERRAT,SILVA,f,2025-11-12
215,RAMON,RODRIGUEZ,f,2025-04-22
216,MONICA,ROMAN,f,2025-10-08
217,MIGUEL,ROJAS,f,2025-07-10
218,ALBERTO,PASCUAL,f,2025-01-10
219,MIGUEL ANGEL,VICENTE,f,2025-01-10
220,PATRICIA,CALVO,f,2025-06-09
221,PATRICIA,MENDOZA,f,2025-07-09
222,FRANCISCA,PEÑA,f,2025-03-22
223,SONIA,BRAVO,f,2025-07-06
224,ANTONIA,GIMENEZ,f,2025-11-04
225,ALBERTO,GUTIERREZ,f,2025-06-26
226,LUIS,CORTES,f,2025-01-16
227,OSCAR,VICENTE,f,2025-08-07
228,JULIA,RUBIO,f,2025-07-20
229,ROSARIO,BENITEZ,f,2025-05-13
230,MARIA JOSE,VELASCO,f,2025-03-05
231,MANUELA,SAEZ,f,2025-03-20
232,JOSE LUIS,DELGADO,f,2025-01-14
233,JOAQUIN,LORENZO,f,2025-03-12
234,JESUS,MONTERO,f,2025-01-18
235,ANDREA,DIEZ,f,2025-03-05
236,ALEJANDRO,SERRANO,f,2025-08-10
237,TERESA,PRIETO,f,2025-08-25
238,PATRICIA,RAMIREZ,f,2025-03-23
239,PAULA,GONZALEZ,f,2025-06-10
240,FRANCISCO JAVIER,PASCUAL,f,2025-07-22
241,ENRIQUE,CARMONA,f,2025-10-17
242,CARMEN,HERRERO,f,2025-04-21
243,IRENE,DIAZ,f,2025-03-09
244,JORGE,FERRER,f,2025-12-21
245,CONCEPCION,MORENO,f,2025-02-09
246,DOLORES,MENDOZA,f,2025-04-21
247,EDUARDO,RAMOS,f,2025-11-23
248,JORGE,LORENZO,f,2025-03-13
249,JORGE,ARIAS,f,2025-10-25
250,ADRIAN,MOYA,t,2025-07-13
251,JULIA,MORENO,f,2025-07-19
252,RAMON,CANO,f,2025-12-12
253,JESUS,PARRA,f,2025-02-20
254,LAURA,MARTIN,f,2025-09-03
255,JOSEFA,HIDALGO,f,2025-02-16
256,FRANCISCO,PASTOR,f,2025-06-26
257,SILVIA,JIMENEZ,f,2025-12-11
258,MARIA MAR,SANTIAGO,f,2025-04-08
259,JUAN,MORENO,f,2025-03-01
260,MARIA DOLORES,MARQUEZ,f,2025-02-08
261,MIGUEL ANGEL,HERNANDEZ,f,2025-01-16
262,CARLOS,CARMONA,f,2025-05-08
263,DIEGO,CASTILLO,f,2025-06-17
264,IRENE,VAZQUEZ,f,2025-04-17
265,SARA,VICENTE,f,2025-05-23
266,JOSE LUIS,HERRERO,f,2025-04-13
267,RAMON,ALONSO,f,2025-12-27
268,ANA,NUÑEZ,f,2025-01-03
269,LUIS,MARQUEZ,f,2025-08-12
270,MARIA,PARRA,f,2025-03-26
271,MANUEL,CARMONA,f,2025-04-13
272,LUCIA,VARGAS,f,2025-10-13
273,ANDREA,MOYA,f,2025-06-27
274,FRANCISCO JAVIER,CASTILLO,f,2025-11-06
275,RAMON,LORENZO,f,2025-08-21
276,ANA MARIA,LOZANO,f,2025-08-13
277,SILVIA,SILVA,f,2025-06-08
278,MARIA MAR,ROMAN,f,2025-07-05
279,ALEJANDRO,VAZQUEZ,f,2025-04-18
280,FERNANDO,VELASCO,f,2025-12-08
281,JOSE ANTONIO,GONZALEZ,f,2025-05-17
282,FERNANDO,ROMERO,f,2025-06-06
283,ANGEL,VARGAS,f,2025-07-08
284,FERNANDO,LOZANO,f,2025-12-09
285,VICTOR,CASTILLO,f,2025-01-07
286,MONICA,SOTO,f,2025-01-02
287,ROSA MARIA,CORTES,f,2025-04-21
288,MARIA MAR,JIMENEZ,f,2025-02-15
289,JUAN MANUEL,DELGADO,f,2025-05-11
290,JUANA,MORA,f,2025-12-23
291,LAURA,CAMPOS,f,2025-12-27
292,IVAN,FERNANDEZ,f,2025-10-19
293,SARA,DIEZ,f,2025-07-07
294,CONCEPCION,CASTRO,f,2025-01-02
295,RAQUEL,RIVERA,f,2025-07-19
296,ANDRES,TORRES,f,2025-09-23
297,MARIA LUISA,HIDALGO,f,2025-04-05
298,LUIS,PRIETO,f,2025-07-04
299,ALEJANDRO,CAMPOS,f,2025-07-04
300,MANUELA,MENDOZA,t,2025-10-26
301,FRANCISCA,DURAN,f,2025-06-23
302,PABLO,REYES,f,2025-03-03
303,ANTONIA,VEGA,f,2025-07-11
304,JUAN MANUEL,CRESPO,f,2025-05-06
305,MIGUEL,CRESPO,f,2025-08-17
306,SARA,SANZ,f,2025-07-15
307,ALBA,VEGA,f,2025-11-25
308,JUAN ANTONIO,PEREZ,f,2025-02-19
309,ANTONIA,MONTERO,f,2025-12-04
310,FERNANDO,CARRASCO,f,2025-02-23
311,JESUS,RAMOS,f,2025-07-07
312,MARIA JESUS,VICENTE,f,2025-02-24
313,JOAQUIN,MARIN,f,2025-04-25
314,SERGIO,SAEZ,f,2025-08-24
315,ROBERTO,CABRERA,f,2025-05-25
316,SANTIAGO,DURAN,f,2025-05-08
317,JULIA,GOMEZ,f,2025-05-02
318,CONCEPCION,LOZANO,f,2025-01-26
319,JOSE ANTONIO,CRUZ,f,2025-11-20
320,IRENE,ALONSO,f,2025-12-11
321,LUCIA,VIDAL,f,2025-08-14
322,SONIA,HERNANDEZ,f,2025-10-27
323,FRANCISCA,SANTANA,f,2025-06-23
324,JUAN JOSE,MEDINA,f,2025-04-09
325,CARMEN,PRIETO,f,2025-07-24
326,RAMON,DURAN,f,2025-06-04
327,ENRIQUE,NAVARRO,f,2025-04-27
328,ANA,CASTRO,f,2025-06-26
329,MIGUEL,ARIAS,f,2025-03-22
330,JUAN ANTONIO,SANTIAGO,f,2025-08-13
331,MARIA CARMEN,RUBIO,f,2025-04-13
332,RUBEN,GUERRERO,f,2025-09-18
333,MONICA,IGLESIAS,f,2025-01-02
334,ALBA,JIMENEZ,f,2025-03-11
335,MERCEDES,HERRERA,f,2025-04-02
336,RAUL,RUIZ,f,2025-07-17
337,MARCOS,HERNANDEZ,f,2025-12-15
338,DOLORES,CARRASCO,f,2025-07-15
339,SARA,MARQUEZ,f,2025-12-15
340,OSCAR,CALVO,f,2025-09-02
341,PABLO,HIDALGO,f,2025-09-05
342,VICENTE,HERNANDEZ,f,2025-04-28
343,MANUELA,VIDAL,f,2025-04-05
344,SONIA,VAZQUEZ,f,2025-07-17
345,CRISTINA,AGUILAR,f,2025-03-28
346,MARIA LUISA,PARRA,f,2025-01-07
347,MANUELA,SANCHEZ,f,2025-03-01
348,JOSE MANUEL,CRUZ,f,2025-08-15
349,ADRIAN,CABRERA,f,2025-12-23
350,ENRIQUE,NIETO,t,2025-12-15
351,SONIA,LOPEZ,f,2025-01-14
352,ENCARNACION,AGUILAR,f,2025-09-28
353,ALEJANDRO,SANZ,f,2025-06-26
354,MARIA LUISA,CARRASCO,f,2025-02-04
355,ANTONIO,RODRIGUEZ,f,2025-02-08
356,VICTOR,MENDOZA,f,2025-02-06
357,SANDRA,CABALLERO,f,2025-11-21
358,MARIA LUISA,GONZALEZ,f,2025-02-03
359,MARIA JOSE,MARQUEZ,f,2025-12-08
360,MONTSERRAT,PEREZ,f,2025-08-20
361,ENCARNACION,LORENZO,f,2025-03-17
362,JOSE MANUEL,RAMIREZ,f,2025-02-02
363,SARA,HERNANDEZ,f,2025-01-03
364,IRENE,DIAZ,f,2025-05-05
365,JORGE,RIVERA,f,2025-04-25
366,JOSE,VARGAS,f,2025-05-14
367,RAQUEL,SANTANA,f,2025-02-27
368,MARIA PILAR,MOYA,f,2025-05-14
369,ENRIQUE,DURAN,f,2025-08-19
370,JOSE,DIAZ,f,2025-04-22
371,CONCEPCION,PASTOR,f,2025-12-05
372,MARIA TERESA,MORALES,f,2025-01-19
373,ANGEL,JIMENEZ,f,2025-02-25
374,ENRIQUE,GONZALEZ,f,2025-08-06
375,MARTA,VARGAS,f,2025-09-14
376,PATRICIA,RODRIGUEZ,f,2025-06-26
377,ANTONIA,CABRERA,f,2025-03-26
378,ANDREA,SILVA,f,2025-10-13
379,RUBEN,FERRER,f,2025-10-22
380,ALEJANDRO,NAVARRO,f,2025-07-20
381,MIGUEL ANGEL,MORALES,f,2025-09-14
382,NURIA,RUBIO,f,2025-01-11
383,ANGEL,REYES,f,2025-07-19
384,MARIA MAR,JIMENEZ,f,2025-10-16
385,PEDRO,BRAVO,f,2025-12-21
386,MARIA,GARCIA,f,2025-09-21
387,EDUARDO,NIETO,f,2025-05-02
388,MARIA ISABEL,CABRERA,f,2025-09-17
389,MARIA TERESA,DOMINGUEZ,f,2025-04-03
390,SERGIO,PASTOR,f,2025-11-20
391,MIGUEL,CABALLERO,f,2025-11-08
392,RAFAEL,GIMENEZ,f,2025-03-20
393,MONICA,VELASCO,f,2025-05-27
394,ALBA,SILVA,f,2025-04-03
395,MARIA MAR,RAMIREZ,f,2025-10-20
396,SONIA,ORTIZ,f,2025-03-09
397,DIEGO,DOMINGUEZ,f,2025-12-23
398,OSCAR,MONTERO,f,2025-05-21
399,ELENA,ORTEGA,f,2025-05-24
400,RUBEN,MARTINEZ,t,2025-11-22
401,IVAN,GOMEZ,f,2025-11-11
402,ROSARIO,MUÑOZ,f,2025-09-05
403,ENCARNACION,BRAVO,f,2025-01-17
404,MERCEDES,DOMINGUEZ,f,2025-08-19
405,OSCAR,DIAZ,f,2025-11-15
406,JOSE MARIA,MARQUEZ,f,2025-05-28
407,RAQUEL,DURAN,f,2025-01-03
408,FERNANDO,DURAN,f,2025-06-21
409,RAFAEL,ARIAS,f,2025-06-13
410,MIGUEL,GONZALEZ,f,2025-06-10
411,MANUEL,CABALLERO,f,2025-06-28
412,PATRICIA,CABRERA,f,2025-02-17
413,IVAN,LORENZO,f,2025-06-28
414,PILAR,SUAREZ,f,2025-08-21
415,ENRIQUE,GUTIERREZ,f,2025-03-13
416,MARIO,BLANCO,f,2025-03-21
417,JESUS,GARRIDO,f,2025-12-16
418,JORGE,ORTIZ,f,2025-09-26
419,RAUL,MUÑOZ,f,2025-02-26
420,MARCOS,VICENTE,f,2025-09-24
421,ANDREA,PRIETO,f,2025-06-20
422,MARCOS,VEGA,f,2025-01-01
423,DOLORES,VICENTE,f,2025-03-26
424,EDUARDO,HERRERO,f,2025-10-05
425,MARTA,RODRIGUEZ,f,2025-01-26
426,FRANCISCA,MORALES,f,2025-12-26
427,DAVID,CANO,f,2025-01-13
428,CARLOS,SOTO,f,2025-12-14
429,DANIEL,MORENO,f,2025-05-17
430,IVAN,LOPEZ,f,2025-08-11
431,MARIA DOLORES,ROJAS,f,2025-10-22
432,CARLOS,SILVA,f,2025-11-13
433,ALBERTO,JIMENEZ,f,2025-02-07
434,SANTIAGO,ROJAS,f,2025-01-24
435,JOSE LUIS,NUÑEZ,f,2025-03-17
436,SERGIO,MEDINA,f,2025-01-10
437,PEDRO,DIEZ,f,2025-04-11
438,IVAN,SANCHEZ,f,2025-12-17
439,ALICIA,VARGAS,f,2025-12-06
440,ANDREA,BENITEZ,f,2025-03-23
441,JUANA,FLORES,f,2025-05-14
442,IRENE,DOMINGUEZ,f,2025-11-15
443,PAULA,HERNANDEZ,f,2025-01-18
444,CRISTINA,CALVO,f,2025-08-11
445,TERESA,RAMOS,f,2025-11-15
446,ANTONIO,PEÑA,f,2025-05-03
447,SONIA,LORENZO,f,2025-07-18
448,MARIA TERESA,GALLEGO,f,2025-11-22
449,JOSEFA,PRIETO,f,2025-11-11
450,ADRIAN,RAMOS,t,2025-12-16
451,ENRIQUE,MORA,f,2025-06-05
452,MERCEDES,FERRER,f,2025-04-15
453,ROSA MARIA,FERRER,f,2025-11-28
454,RAUL,DURAN,f,2025-01-02
455,SANDRA,LOZANO,f,2025-09-07
456,SARA,SOTO,f,2025-03-01
457,ENCARNACION,MUÑOZ,f,2025-07-18
458,JUAN,SANCHEZ,f,2025-11-01
459,SANDRA,GONZALEZ,f,2025-07-16
460,JOSE MARIA,CRUZ,f,2025-12-03
461,ENRIQUE,PASCUAL,f,2025-08-06
462,PABLO,LOPEZ,f,2025-09-09
463,PAULA,PASTOR,f,2025-02-11
464,JUANA,AGUILAR,f,2025-09-20
465,MONICA,PARRA,f,2025-11-01
466,MANUELA,RUBIO,f,2025-08-07
467,ROSA MARIA,CARRASCO,f,2025-03-26
468,ENRIQUE,MONTERO,f,2025-08-11
469,SANTIAGO,SANTIAGO,f,2025-05-23
470,JOSE MARIA,PASCUAL,f,2025-03-13
471,ROBERTO,DIEZ,f,2025-12-09
472,JORGE,SUAREZ,f,2025-07-18
473,JOSE ANTONIO,CRESPO,f,2025-08-17
474,MARIA ISABEL,CARMONA,f,2025-01-10
475,RAUL,VIDAL,f,2025-06-04
476,JOSE MANUEL,CABRERA,f,2025-08-23
477,FERNANDO,PASTOR,f,2025-01-17
478,MARIA JESUS,FERRER,f,2025-03-22
479,CARMEN,PASTOR,f,2025-07-26
480,CARLOS,HERNANDEZ,f,2025-09-25
481,PEDRO,HERNANDEZ,f,2025-05-21
482,LUCIA,DOMINGUEZ,f,2025-03-13
483,RUBEN,CORTES,f,2025-08-02
484,PATRICIA,VICENTE,f,2025-03-22
485,LUCIA,BRAVO,f,2025-02-20
486,ROSARIO,MUÑOZ,f,2025-02-10
487,RAFAEL,HERRERA,f,2025-06-04
488,JOSE LUIS,CARMONA,f,2025-09-12
489,ANTONIA,MENDEZ,f,2025-01-28
490,MARTA,BENITEZ,f,2025-02-18
491,CARLOS,LOZANO,f,2025-05-01
492,MANUEL,IBAÑEZ,f,2025-02-24
493,MONICA,GARRIDO,f,2025-02-13
494,JOSE MARIA,PEÑA,f,2025-05-18
495,MARIA,BLANCO,f,2025-03-05
496,ANDREA,CASTRO,f,2025-12-09
497,ANDREA,VAZQUEZ,f,2025-09-25
498,JUAN JOSE,GIMENEZ,f,2025-01-14
499,IVAN,LOPEZ,f,2025-05-17
500,IVAN,DIEZ,t,2025-05-07
501,JOSE,FERRER,f,2025-11-26
502,JOSE,FERRER,f,2025-11-26
